-- ============================================================
-- TMS App Seed Data
-- ============================================================
-- All passwords are 'Password123!'
-- Hash: $2b$10$sVbr.iBbVIjIIIjGgpWMXeCmaPmcHcswaVxlPWDAKqup7o33PkmE6
-- ============================================================


-- ------------------------------------------------------------
-- EQUIPMENT TYPES
-- ------------------------------------------------------------
INSERT INTO equipment_types (id, name, max_weight, mode) VALUES
  ('a1000000-0000-0000-0000-000000000001', 'Dry Van',  44000.00, 'TL'),
  ('a1000000-0000-0000-0000-000000000002', 'Flatbed',  48000.00, 'TL'),
  ('a1000000-0000-0000-0000-000000000003', 'Reefer',   43500.00, 'TL'),
  ('a1000000-0000-0000-0000-000000000004', 'LTL',      10000.00, 'LTL');


-- ------------------------------------------------------------
-- CARRIERS
-- ------------------------------------------------------------
INSERT INTO carriers (id, name, scac, address) VALUES
  ('b1000000-0000-0000-0000-000000000001', 'TrueFlow Logistics', 'TRUL', '4821 Commerce Blvd, Kansas City, MO 64108'),
  ('b1000000-0000-0000-0000-000000000002', 'ZenPulse Freight',   'ZPFR', '9300 Industrial Pkwy, Dallas, TX 75201');


-- ------------------------------------------------------------
-- CARRIER USERS
-- ------------------------------------------------------------
INSERT INTO carrier_users (id, carrier_id, first_name, last_name, email, phone_number, password_hash, role) VALUES
  ('a5000000-0000-0000-0000-000000000001', 'b1000000-0000-0000-0000-000000000001', 'Robert',  'Kincaid',  'r.kincaid@trueflow.com',  '816-555-0201', '$2b$10$sVbr.iBbVIjIIIjGgpWMXeCmaPmcHcswaVxlPWDAKqup7o33PkmE6', 'admin'),
  ('a5000000-0000-0000-0000-000000000002', 'b1000000-0000-0000-0000-000000000001', 'Denise',  'Hargrove', 'd.hargrove@trueflow.com', '816-555-0202', '$2b$10$sVbr.iBbVIjIIIjGgpWMXeCmaPmcHcswaVxlPWDAKqup7o33PkmE6', 'user'),
  ('a5000000-0000-0000-0000-000000000003', 'b1000000-0000-0000-0000-000000000002', 'Marcus',  'Deleon',   'm.deleon@zenpulse.com',   '214-555-0203', '$2b$10$sVbr.iBbVIjIIIjGgpWMXeCmaPmcHcswaVxlPWDAKqup7o33PkmE6', 'admin'),
  ('a5000000-0000-0000-0000-000000000004', 'b1000000-0000-0000-0000-000000000002', 'Tamara',  'Osei',     't.osei@zenpulse.com',     '214-555-0204', '$2b$10$sVbr.iBbVIjIIIjGgpWMXeCmaPmcHcswaVxlPWDAKqup7o33PkmE6', 'user');


-- ------------------------------------------------------------
-- COMPANIES
-- ------------------------------------------------------------
INSERT INTO companies (id, name, address) VALUES
  ('c1000000-0000-0000-0000-000000000001', 'PurePath Inc.',  '1200 Health Sciences Dr, Omaha, NE 68102'),
  ('c1000000-0000-0000-0000-000000000002', 'Nexora',         '500 Tech Center Dr, Orlando, FL 32801');


-- ------------------------------------------------------------
-- SHIPPER LOCATIONS (with lat/lng)
-- ------------------------------------------------------------
INSERT INTO shipper_locations (id, company_id, erp_id, name, address, city, state, zip_code, country, latitude, longitude) VALUES
  ('d1000000-0000-0000-0000-000000000001', 'c1000000-0000-0000-0000-000000000001', 'PP01', 'PurePath Omaha',    '1200 Health Sciences Dr', 'Omaha',    'NE', '68102', 'USA',  41.257160, -95.994820),
  ('d1000000-0000-0000-0000-000000000002', 'c1000000-0000-0000-0000-000000000001', 'PP02', 'PurePath New York', '350 Fifth Ave',           'New York', 'NY', '10118', 'USA',  40.748440, -73.985664),
  ('d1000000-0000-0000-0000-000000000003', 'c1000000-0000-0000-0000-000000000001', 'PP03', 'PurePath Seattle',  '1730 Minor Ave',          'Seattle',  'WA', '98101', 'USA',  47.615310, -122.335960),
  ('d1000000-0000-0000-0000-000000000004', 'c1000000-0000-0000-0000-000000000002', 'NX01', 'Nexora Orlando',    '500 Tech Center Dr',      'Orlando',  'FL', '32801', 'USA',  28.538340, -81.379230),
  ('d1000000-0000-0000-0000-000000000005', 'c1000000-0000-0000-0000-000000000002', 'NX02', 'Nexora Columbus',   '100 E Broad St',          'Columbus', 'OH', '43215', 'USA',  39.961200, -82.998780),
  ('d1000000-0000-0000-0000-000000000006', 'c1000000-0000-0000-0000-000000000002', 'NX03', 'Nexora Phoenix',    '2201 E Camelback Rd',     'Phoenix',  'AZ', '85016', 'USA',  33.509770, -112.031270);


-- ------------------------------------------------------------
-- SHIPPER USERS
-- ------------------------------------------------------------
INSERT INTO shipper_users (id, location_id, erp_id, first_name, last_name, email, phone_number, password_hash, role) VALUES
  ('e1000000-0000-0000-0000-000000000001', 'd1000000-0000-0000-0000-000000000001', 'U001', 'Laura',    'Hensley',   'l.hensley@purepath.com',   '402-555-0101', '$2b$10$sVbr.iBbVIjIIIjGgpWMXeCmaPmcHcswaVxlPWDAKqup7o33PkmE6', 'admin'),
  ('e1000000-0000-0000-0000-000000000002', 'd1000000-0000-0000-0000-000000000001', 'U002', 'Marcus',   'Tran',      'm.tran@purepath.com',       '402-555-0102', '$2b$10$sVbr.iBbVIjIIIjGgpWMXeCmaPmcHcswaVxlPWDAKqup7o33PkmE6', 'user'),
  ('e1000000-0000-0000-0000-000000000003', 'd1000000-0000-0000-0000-000000000001', 'U003', 'Diana',    'Kowalski',  'd.kowalski@purepath.com',  '402-555-0103', '$2b$10$sVbr.iBbVIjIIIjGgpWMXeCmaPmcHcswaVxlPWDAKqup7o33PkmE6', 'user'),
  ('e1000000-0000-0000-0000-000000000004', 'd1000000-0000-0000-0000-000000000001', 'U004', 'James',    'Okafor',    'j.okafor@purepath.com',    '402-555-0104', '$2b$10$sVbr.iBbVIjIIIjGgpWMXeCmaPmcHcswaVxlPWDAKqup7o33PkmE6', 'user'),
  ('e1000000-0000-0000-0000-000000000005', 'd1000000-0000-0000-0000-000000000002', 'U005', 'Rachel',   'Goldstein', 'r.goldstein@purepath.com', '212-555-0105', '$2b$10$sVbr.iBbVIjIIIjGgpWMXeCmaPmcHcswaVxlPWDAKqup7o33PkmE6', 'admin'),
  ('e1000000-0000-0000-0000-000000000006', 'd1000000-0000-0000-0000-000000000002', 'U006', 'Carlos',   'Reyes',     'c.reyes@purepath.com',     '212-555-0106', '$2b$10$sVbr.iBbVIjIIIjGgpWMXeCmaPmcHcswaVxlPWDAKqup7o33PkmE6', 'user'),
  ('e1000000-0000-0000-0000-000000000007', 'd1000000-0000-0000-0000-000000000002', 'U007', 'Priya',    'Nair',      'p.nair@purepath.com',      '212-555-0107', '$2b$10$sVbr.iBbVIjIIIjGgpWMXeCmaPmcHcswaVxlPWDAKqup7o33PkmE6', 'user'),
  ('e1000000-0000-0000-0000-000000000008', 'd1000000-0000-0000-0000-000000000002', 'U008', 'Kevin',    'Marsh',     'k.marsh@purepath.com',     '212-555-0108', '$2b$10$sVbr.iBbVIjIIIjGgpWMXeCmaPmcHcswaVxlPWDAKqup7o33PkmE6', 'user'),
  ('e1000000-0000-0000-0000-000000000009', 'd1000000-0000-0000-0000-000000000003', 'U009', 'Sandra',   'Yuen',      's.yuen@purepath.com',      '206-555-0109', '$2b$10$sVbr.iBbVIjIIIjGgpWMXeCmaPmcHcswaVxlPWDAKqup7o33PkmE6', 'admin'),
  ('e1000000-0000-0000-0000-000000000010', 'd1000000-0000-0000-0000-000000000003', 'U010', 'Derek',    'Paulson',   'd.paulson@purepath.com',   '206-555-0110', '$2b$10$sVbr.iBbVIjIIIjGgpWMXeCmaPmcHcswaVxlPWDAKqup7o33PkmE6', 'user'),
  ('e1000000-0000-0000-0000-000000000011', 'd1000000-0000-0000-0000-000000000003', 'U011', 'Megan',    'Flores',    'm.flores@purepath.com',    '206-555-0111', '$2b$10$sVbr.iBbVIjIIIjGgpWMXeCmaPmcHcswaVxlPWDAKqup7o33PkmE6', 'user'),
  ('e1000000-0000-0000-0000-000000000012', 'd1000000-0000-0000-0000-000000000003', 'U012', 'Tony',     'Whitfield', 't.whitfield@purepath.com', '206-555-0112', '$2b$10$sVbr.iBbVIjIIIjGgpWMXeCmaPmcHcswaVxlPWDAKqup7o33PkmE6', 'user'),
  ('e1000000-0000-0000-0000-000000000013', 'd1000000-0000-0000-0000-000000000004', 'U013', 'Angela',   'Morrison',  'a.morrison@nexora.com',    '407-555-0113', '$2b$10$sVbr.iBbVIjIIIjGgpWMXeCmaPmcHcswaVxlPWDAKqup7o33PkmE6', 'admin'),
  ('e1000000-0000-0000-0000-000000000014', 'd1000000-0000-0000-0000-000000000004', 'U014', 'Brian',    'Nakamura',  'b.nakamura@nexora.com',    '407-555-0114', '$2b$10$sVbr.iBbVIjIIIjGgpWMXeCmaPmcHcswaVxlPWDAKqup7o33PkmE6', 'user'),
  ('e1000000-0000-0000-0000-000000000015', 'd1000000-0000-0000-0000-000000000004', 'U015', 'Tiffany',  'Bowers',    't.bowers@nexora.com',      '407-555-0115', '$2b$10$sVbr.iBbVIjIIIjGgpWMXeCmaPmcHcswaVxlPWDAKqup7o33PkmE6', 'user'),
  ('e1000000-0000-0000-0000-000000000016', 'd1000000-0000-0000-0000-000000000004', 'U016', 'Omar',     'Khalil',    'o.khalil@nexora.com',      '407-555-0116', '$2b$10$sVbr.iBbVIjIIIjGgpWMXeCmaPmcHcswaVxlPWDAKqup7o33PkmE6', 'user'),
  ('e1000000-0000-0000-0000-000000000017', 'd1000000-0000-0000-0000-000000000005', 'U017', 'Nicole',   'Hartman',   'n.hartman@nexora.com',     '614-555-0117', '$2b$10$sVbr.iBbVIjIIIjGgpWMXeCmaPmcHcswaVxlPWDAKqup7o33PkmE6', 'admin'),
  ('e1000000-0000-0000-0000-000000000018', 'd1000000-0000-0000-0000-000000000005', 'U018', 'Jason',    'Webb',      'j.webb@nexora.com',        '614-555-0118', '$2b$10$sVbr.iBbVIjIIIjGgpWMXeCmaPmcHcswaVxlPWDAKqup7o33PkmE6', 'user'),
  ('e1000000-0000-0000-0000-000000000019', 'd1000000-0000-0000-0000-000000000005', 'U019', 'Vanessa',  'Choi',      'v.choi@nexora.com',        '614-555-0119', '$2b$10$sVbr.iBbVIjIIIjGgpWMXeCmaPmcHcswaVxlPWDAKqup7o33PkmE6', 'user'),
  ('e1000000-0000-0000-0000-000000000020', 'd1000000-0000-0000-0000-000000000005', 'U020', 'Patrick',  'Givens',    'p.givens@nexora.com',      '614-555-0120', '$2b$10$sVbr.iBbVIjIIIjGgpWMXeCmaPmcHcswaVxlPWDAKqup7o33PkmE6', 'user'),
  ('e1000000-0000-0000-0000-000000000021', 'd1000000-0000-0000-0000-000000000006', 'U021', 'Christine','Delgado',   'c.delgado@nexora.com',     '480-555-0121', '$2b$10$sVbr.iBbVIjIIIjGgpWMXeCmaPmcHcswaVxlPWDAKqup7o33PkmE6', 'admin'),
  ('e1000000-0000-0000-0000-000000000022', 'd1000000-0000-0000-0000-000000000006', 'U022', 'Andre',    'Simpson',   'a.simpson@nexora.com',     '480-555-0122', '$2b$10$sVbr.iBbVIjIIIjGgpWMXeCmaPmcHcswaVxlPWDAKqup7o33PkmE6', 'user'),
  ('e1000000-0000-0000-0000-000000000023', 'd1000000-0000-0000-0000-000000000006', 'U023', 'Leslie',   'Park',      'l.park@nexora.com',        '480-555-0123', '$2b$10$sVbr.iBbVIjIIIjGgpWMXeCmaPmcHcswaVxlPWDAKqup7o33PkmE6', 'user'),
  ('e1000000-0000-0000-0000-000000000024', 'd1000000-0000-0000-0000-000000000006', 'U024', 'Trevor',   'Odom',      't.odom@nexora.com',        '480-555-0124', '$2b$10$sVbr.iBbVIjIIIjGgpWMXeCmaPmcHcswaVxlPWDAKqup7o33PkmE6', 'user');


-- ------------------------------------------------------------
-- CUSTOMERS
-- ------------------------------------------------------------
INSERT INTO customers (id, company_id, name, address, city, state, zip_code, country) VALUES
  ('f1000000-0000-0000-0000-000000000001', 'c1000000-0000-0000-0000-000000000001', 'Houston Methodist Hospital',   '6565 Fannin St',       'Houston',     'TX', '77030', 'USA'),
  ('f1000000-0000-0000-0000-000000000002', 'c1000000-0000-0000-0000-000000000001', 'Mayo Clinic',                  '200 First St SW',      'Rochester',   'MN', '55905', 'USA'),
  ('f1000000-0000-0000-0000-000000000003', 'c1000000-0000-0000-0000-000000000001', 'Cedars-Sinai Medical Center',  '8700 Beverly Blvd',    'Los Angeles', 'CA', '90048', 'USA'),
  ('f1000000-0000-0000-0000-000000000004', 'c1000000-0000-0000-0000-000000000001', 'Massachusetts General',        '55 Fruit St',          'Boston',      'MA', '02114', 'USA'),
  ('f1000000-0000-0000-0000-000000000005', 'c1000000-0000-0000-0000-000000000001', 'Emory University Hospital',    '1364 Clifton Rd NE',   'Atlanta',     'GA', '30322', 'USA'),
  ('f1000000-0000-0000-0000-000000000006', 'c1000000-0000-0000-0000-000000000002', 'Coresite Denver',              '910 15th St',          'Denver',      'CO', '80202', 'USA'),
  ('f1000000-0000-0000-0000-000000000007', 'c1000000-0000-0000-0000-000000000002', 'CyrusOne Dallas',              '1649 W Frankford Rd',  'Carrollton',  'TX', '75007', 'USA'),
  ('f1000000-0000-0000-0000-000000000008', 'c1000000-0000-0000-0000-000000000002', 'QTS Chicago',                  '2800 S River Rd',      'Des Plaines', 'IL', '60018', 'USA'),
  ('f1000000-0000-0000-0000-000000000009', 'c1000000-0000-0000-0000-000000000002', 'Equinix Seattle',              '2020 5th Ave',         'Seattle',     'WA', '98121', 'USA'),
  ('f1000000-0000-0000-0000-000000000010', 'c1000000-0000-0000-0000-000000000002', 'Switch Las Vegas',             '7135 S Decatur Blvd',  'Las Vegas',   'NV', '89118', 'USA');


-- ------------------------------------------------------------
-- CUSTOMER LOCATIONS (with lat/lng)
-- ------------------------------------------------------------
INSERT INTO customer_locations (id, customer_id, name, address, city, state, zip_code, country, latitude, longitude) VALUES
  ('a2000000-0000-0000-0000-000000000001', 'f1000000-0000-0000-0000-000000000001', 'Houston Methodist - Receiving', '6565 Fannin St',      'Houston',     'TX', '77030', 'USA',  29.710650, -95.397320),
  ('a2000000-0000-0000-0000-000000000002', 'f1000000-0000-0000-0000-000000000002', 'Mayo Clinic - Receiving',       '200 First St SW',     'Rochester',   'MN', '55905', 'USA',  44.022450, -92.466630),
  ('a2000000-0000-0000-0000-000000000003', 'f1000000-0000-0000-0000-000000000003', 'Cedars-Sinai - Receiving',      '8700 Beverly Blvd',   'Los Angeles', 'CA', '90048', 'USA',  34.075820, -118.380600),
  ('a2000000-0000-0000-0000-000000000004', 'f1000000-0000-0000-0000-000000000004', 'Mass General - Receiving',      '55 Fruit St',         'Boston',      'MA', '02114', 'USA',  42.363560, -71.068970),
  ('a2000000-0000-0000-0000-000000000005', 'f1000000-0000-0000-0000-000000000005', 'Emory University - Receiving',  '1364 Clifton Rd NE',  'Atlanta',     'GA', '30322', 'USA',  33.798840, -84.325310),
  ('a2000000-0000-0000-0000-000000000006', 'f1000000-0000-0000-0000-000000000006', 'Coresite Denver - Dock A',      '910 15th St',         'Denver',      'CO', '80202', 'USA',  39.744210, -104.995370),
  ('a2000000-0000-0000-0000-000000000007', 'f1000000-0000-0000-0000-000000000007', 'CyrusOne Dallas - Dock B',      '1649 W Frankford Rd', 'Carrollton',  'TX', '75007', 'USA',  32.988010, -96.900450),
  ('a2000000-0000-0000-0000-000000000008', 'f1000000-0000-0000-0000-000000000008', 'QTS Chicago - Dock C',          '2800 S River Rd',     'Des Plaines', 'IL', '60018', 'USA',  41.887970, -87.869040),
  ('a2000000-0000-0000-0000-000000000009', 'f1000000-0000-0000-0000-000000000009', 'Equinix Seattle - Receiving',   '2020 5th Ave',        'Seattle',     'WA', '98121', 'USA',  47.612490, -122.336150),
  ('a2000000-0000-0000-0000-000000000010', 'f1000000-0000-0000-0000-000000000010', 'Switch Las Vegas - Dock A',     '7135 S Decatur Blvd', 'Las Vegas',   'NV', '89118', 'USA',  36.054940, -115.219730);


-- ------------------------------------------------------------
-- PRODUCTS
-- ------------------------------------------------------------
INSERT INTO products (id, company_id, material_number, description, weight, freight_class, unit_of_measure) VALUES
  ('a3000000-0000-0000-0000-000000000001', 'c1000000-0000-0000-0000-000000000001', 'PP-MED-1001', 'Surgical Instrument Tray Set',  12.50, '85',   'EA'),
  ('a3000000-0000-0000-0000-000000000002', 'c1000000-0000-0000-0000-000000000001', 'PP-MED-1002', 'Patient Monitoring System',     45.00, '70',   'EA'),
  ('a3000000-0000-0000-0000-000000000003', 'c1000000-0000-0000-0000-000000000001', 'PP-MED-1003', 'IV Infusion Pump',              18.00, '85',   'EA'),
  ('a3000000-0000-0000-0000-000000000004', 'c1000000-0000-0000-0000-000000000001', 'PP-MED-1004', 'Portable Ultrasound Unit',      32.00, '70',   'EA'),
  ('a3000000-0000-0000-0000-000000000005', 'c1000000-0000-0000-0000-000000000001', 'PP-MED-1005', 'Sterilization Cabinet',        185.00, '65',   'EA'),
  ('a3000000-0000-0000-0000-000000000006', 'c1000000-0000-0000-0000-000000000001', 'PP-MED-1006', 'Exam Table',                   120.00, '65',   'EA'),
  ('a3000000-0000-0000-0000-000000000007', 'c1000000-0000-0000-0000-000000000001', 'PP-MED-1007', 'Defibrillator Unit',            14.00, '85',   'EA'),
  ('a3000000-0000-0000-0000-000000000008', 'c1000000-0000-0000-0000-000000000001', 'PP-MED-1008', 'Surgical Light System',        220.00, '65',   'EA'),
  ('a3000000-0000-0000-0000-000000000009', 'c1000000-0000-0000-0000-000000000002', 'NX-HW-2001',  'Enterprise Rack Server 2U',     38.00, '85',   'EA'),
  ('a3000000-0000-0000-0000-000000000010', 'c1000000-0000-0000-0000-000000000002', 'NX-HW-2002',  'Network Switch 48-Port',        12.00, '85',   'EA'),
  ('a3000000-0000-0000-0000-000000000011', 'c1000000-0000-0000-0000-000000000002', 'NX-HW-2003',  'UPS Battery Backup 3000VA',     54.00, '70',   'EA'),
  ('a3000000-0000-0000-0000-000000000012', 'c1000000-0000-0000-0000-000000000002', 'NX-HW-2004',  'Server Rack Cabinet 42U',      145.00, '65',   'EA'),
  ('a3000000-0000-0000-0000-000000000013', 'c1000000-0000-0000-0000-000000000002', 'NX-HW-2005',  'Fiber Patch Panel 24-Port',      4.50, '92.5', 'EA'),
  ('a3000000-0000-0000-0000-000000000014', 'c1000000-0000-0000-0000-000000000002', 'NX-HW-2006',  'Enterprise Firewall Appliance', 18.00, '85',   'EA'),
  ('a3000000-0000-0000-0000-000000000015', 'c1000000-0000-0000-0000-000000000002', 'NX-HW-2007',  'SAN Storage Array',            210.00, '65',   'EA'),
  ('a3000000-0000-0000-0000-000000000016', 'c1000000-0000-0000-0000-000000000002', 'NX-HW-2008',  'KVM Console Switch 16-Port',     8.00, '92.5', 'EA');


-- ------------------------------------------------------------
-- ORDERS (all unplanned)
-- ------------------------------------------------------------
INSERT INTO orders (id, customer_id, origin_id, destination_id, order_number, customer_po_number, requested_ship_date, order_status) VALUES
  ('a4000000-0000-0000-0000-000000000001', 'f1000000-0000-0000-0000-000000000001', 'd1000000-0000-0000-0000-000000000001', 'a2000000-0000-0000-0000-000000000001', 'PP-ORD-00001', 'HMH-PO-4421', '2026-04-10', 'unplanned'),
  ('a4000000-0000-0000-0000-000000000002', 'f1000000-0000-0000-0000-000000000001', 'd1000000-0000-0000-0000-000000000001', 'a2000000-0000-0000-0000-000000000001', 'PP-ORD-00002', 'HMH-PO-4422', '2026-04-11', 'unplanned'),
  ('a4000000-0000-0000-0000-000000000003', 'f1000000-0000-0000-0000-000000000001', 'd1000000-0000-0000-0000-000000000001', 'a2000000-0000-0000-0000-000000000001', 'PP-ORD-00003', 'HMH-PO-4423', '2026-04-12', 'unplanned'),
  ('a4000000-0000-0000-0000-000000000004', 'f1000000-0000-0000-0000-000000000002', 'd1000000-0000-0000-0000-000000000001', 'a2000000-0000-0000-0000-000000000002', 'PP-ORD-00004', 'MCR-PO-8801', '2026-04-10', 'unplanned'),
  ('a4000000-0000-0000-0000-000000000005', 'f1000000-0000-0000-0000-000000000002', 'd1000000-0000-0000-0000-000000000001', 'a2000000-0000-0000-0000-000000000002', 'PP-ORD-00005', 'MCR-PO-8802', '2026-04-14', 'unplanned'),
  ('a4000000-0000-0000-0000-000000000006', 'f1000000-0000-0000-0000-000000000003', 'd1000000-0000-0000-0000-000000000002', 'a2000000-0000-0000-0000-000000000003', 'PP-ORD-00006', 'CSM-PO-3301', '2026-04-12', 'unplanned'),
  ('a4000000-0000-0000-0000-000000000007', 'f1000000-0000-0000-0000-000000000003', 'd1000000-0000-0000-0000-000000000002', 'a2000000-0000-0000-0000-000000000003', 'PP-ORD-00007', 'CSM-PO-3302', '2026-04-13', 'unplanned'),
  ('a4000000-0000-0000-0000-000000000008', 'f1000000-0000-0000-0000-000000000003', 'd1000000-0000-0000-0000-000000000002', 'a2000000-0000-0000-0000-000000000003', 'PP-ORD-00008', 'CSM-PO-3303', '2026-04-15', 'unplanned'),
  ('a4000000-0000-0000-0000-000000000009', 'f1000000-0000-0000-0000-000000000004', 'd1000000-0000-0000-0000-000000000002', 'a2000000-0000-0000-0000-000000000004', 'PP-ORD-00009', 'MGH-PO-5501', '2026-04-11', 'unplanned'),
  ('a4000000-0000-0000-0000-000000000010', 'f1000000-0000-0000-0000-000000000004', 'd1000000-0000-0000-0000-000000000002', 'a2000000-0000-0000-0000-000000000004', 'PP-ORD-00010', 'MGH-PO-5502', '2026-04-14', 'unplanned'),
  ('a4000000-0000-0000-0000-000000000011', 'f1000000-0000-0000-0000-000000000005', 'd1000000-0000-0000-0000-000000000003', 'a2000000-0000-0000-0000-000000000005', 'PP-ORD-00011', 'EUH-PO-7701', '2026-04-10', 'unplanned'),
  ('a4000000-0000-0000-0000-000000000012', 'f1000000-0000-0000-0000-000000000005', 'd1000000-0000-0000-0000-000000000003', 'a2000000-0000-0000-0000-000000000005', 'PP-ORD-00012', 'EUH-PO-7702', '2026-04-13', 'unplanned'),
  ('a4000000-0000-0000-0000-000000000013', 'f1000000-0000-0000-0000-000000000005', 'd1000000-0000-0000-0000-000000000003', 'a2000000-0000-0000-0000-000000000005', 'PP-ORD-00013', 'EUH-PO-7703', '2026-04-15', 'unplanned'),
  ('a4000000-0000-0000-0000-000000000014', 'f1000000-0000-0000-0000-000000000001', 'd1000000-0000-0000-0000-000000000003', 'a2000000-0000-0000-0000-000000000001', 'PP-ORD-00014', 'HMH-PO-4424', '2026-04-12', 'unplanned'),
  ('a4000000-0000-0000-0000-000000000015', 'f1000000-0000-0000-0000-000000000001', 'd1000000-0000-0000-0000-000000000003', 'a2000000-0000-0000-0000-000000000001', 'PP-ORD-00015', 'HMH-PO-4425', '2026-04-16', 'unplanned'),
  ('a4000000-0000-0000-0000-000000000016', 'f1000000-0000-0000-0000-000000000006', 'd1000000-0000-0000-0000-000000000004', 'a2000000-0000-0000-0000-000000000006', 'NX-ORD-00001', 'CSD-PO-1101', '2026-04-10', 'unplanned'),
  ('a4000000-0000-0000-0000-000000000017', 'f1000000-0000-0000-0000-000000000006', 'd1000000-0000-0000-0000-000000000004', 'a2000000-0000-0000-0000-000000000006', 'NX-ORD-00002', 'CSD-PO-1102', '2026-04-12', 'unplanned'),
  ('a4000000-0000-0000-0000-000000000018', 'f1000000-0000-0000-0000-000000000007', 'd1000000-0000-0000-0000-000000000004', 'a2000000-0000-0000-0000-000000000007', 'NX-ORD-00003', 'CYD-PO-2201', '2026-04-11', 'unplanned'),
  ('a4000000-0000-0000-0000-000000000019', 'f1000000-0000-0000-0000-000000000007', 'd1000000-0000-0000-0000-000000000004', 'a2000000-0000-0000-0000-000000000007', 'NX-ORD-00004', 'CYD-PO-2202', '2026-04-13', 'unplanned'),
  ('a4000000-0000-0000-0000-000000000020', 'f1000000-0000-0000-0000-000000000007', 'd1000000-0000-0000-0000-000000000004', 'a2000000-0000-0000-0000-000000000007', 'NX-ORD-00005', 'CYD-PO-2203', '2026-04-15', 'unplanned'),
  ('a4000000-0000-0000-0000-000000000021', 'f1000000-0000-0000-0000-000000000008', 'd1000000-0000-0000-0000-000000000005', 'a2000000-0000-0000-0000-000000000008', 'NX-ORD-00006', 'QTC-PO-3301', '2026-04-10', 'unplanned'),
  ('a4000000-0000-0000-0000-000000000022', 'f1000000-0000-0000-0000-000000000008', 'd1000000-0000-0000-0000-000000000005', 'a2000000-0000-0000-0000-000000000008', 'NX-ORD-00007', 'QTC-PO-3302', '2026-04-12', 'unplanned'),
  ('a4000000-0000-0000-0000-000000000023', 'f1000000-0000-0000-0000-000000000008', 'd1000000-0000-0000-0000-000000000005', 'a2000000-0000-0000-0000-000000000008', 'NX-ORD-00008', 'QTC-PO-3303', '2026-04-14', 'unplanned'),
  ('a4000000-0000-0000-0000-000000000024', 'f1000000-0000-0000-0000-000000000009', 'd1000000-0000-0000-0000-000000000005', 'a2000000-0000-0000-0000-000000000009', 'NX-ORD-00009', 'EQS-PO-4401', '2026-04-11', 'unplanned'),
  ('a4000000-0000-0000-0000-000000000025', 'f1000000-0000-0000-0000-000000000009', 'd1000000-0000-0000-0000-000000000005', 'a2000000-0000-0000-0000-000000000009', 'NX-ORD-00010', 'EQS-PO-4402', '2026-04-13', 'unplanned'),
  ('a4000000-0000-0000-0000-000000000026', 'f1000000-0000-0000-0000-000000000010', 'd1000000-0000-0000-0000-000000000006', 'a2000000-0000-0000-0000-000000000010', 'NX-ORD-00011', 'SLV-PO-5501', '2026-04-10', 'unplanned'),
  ('a4000000-0000-0000-0000-000000000027', 'f1000000-0000-0000-0000-000000000010', 'd1000000-0000-0000-0000-000000000006', 'a2000000-0000-0000-0000-000000000010', 'NX-ORD-00012', 'SLV-PO-5502', '2026-04-12', 'unplanned'),
  ('a4000000-0000-0000-0000-000000000028', 'f1000000-0000-0000-0000-000000000010', 'd1000000-0000-0000-0000-000000000006', 'a2000000-0000-0000-0000-000000000010', 'NX-ORD-00013', 'SLV-PO-5503', '2026-04-14', 'unplanned'),
  ('a4000000-0000-0000-0000-000000000029', 'f1000000-0000-0000-0000-000000000007', 'd1000000-0000-0000-0000-000000000006', 'a2000000-0000-0000-0000-000000000007', 'NX-ORD-00014', 'CYD-PO-2204', '2026-04-11', 'unplanned'),
  ('a4000000-0000-0000-0000-000000000030', 'f1000000-0000-0000-0000-000000000007', 'd1000000-0000-0000-0000-000000000006', 'a2000000-0000-0000-0000-000000000007', 'NX-ORD-00015', 'CYD-PO-2205', '2026-04-15', 'unplanned');


-- ------------------------------------------------------------
-- ORDER LINE ITEMS
-- ------------------------------------------------------------
INSERT INTO order_line_items (order_id, product_id, quantity, total_weight_lbs) VALUES
  ('a4000000-0000-0000-0000-000000000001', 'a3000000-0000-0000-0000-000000000001', 100,  1250.00),
  ('a4000000-0000-0000-0000-000000000001', 'a3000000-0000-0000-0000-000000000003',  90,  1620.00),
  ('a4000000-0000-0000-0000-000000000002', 'a3000000-0000-0000-0000-000000000002',  70,  3150.00),
  ('a4000000-0000-0000-0000-000000000002', 'a3000000-0000-0000-0000-000000000007', 145,  2030.00),
  ('a4000000-0000-0000-0000-000000000003', 'a3000000-0000-0000-0000-000000000005',  80, 14800.00),
  ('a4000000-0000-0000-0000-000000000003', 'a3000000-0000-0000-0000-000000000006', 110, 13200.00),
  ('a4000000-0000-0000-0000-000000000004', 'a3000000-0000-0000-0000-000000000001',  80,  1000.00),
  ('a4000000-0000-0000-0000-000000000004', 'a3000000-0000-0000-0000-000000000003',  60,  1080.00),
  ('a4000000-0000-0000-0000-000000000005', 'a3000000-0000-0000-0000-000000000002',  60,  2700.00),
  ('a4000000-0000-0000-0000-000000000005', 'a3000000-0000-0000-0000-000000000004',  56,  1792.00),
  ('a4000000-0000-0000-0000-000000000006', 'a3000000-0000-0000-0000-000000000008',  90, 19800.00),
  ('a4000000-0000-0000-0000-000000000006', 'a3000000-0000-0000-0000-000000000006', 152, 18240.00),
  ('a4000000-0000-0000-0000-000000000007', 'a3000000-0000-0000-0000-000000000005', 140, 25900.00),
  ('a4000000-0000-0000-0000-000000000008', 'a3000000-0000-0000-0000-000000000001', 200,  2500.00),
  ('a4000000-0000-0000-0000-000000000008', 'a3000000-0000-0000-0000-000000000003', 200,  3600.00),
  ('a4000000-0000-0000-0000-000000000008', 'a3000000-0000-0000-0000-000000000007', 120,  1680.00),
  ('a4000000-0000-0000-0000-000000000009', 'a3000000-0000-0000-0000-000000000002',  65,  2925.00),
  ('a4000000-0000-0000-0000-000000000009', 'a3000000-0000-0000-0000-000000000004',  65,  2080.00),
  ('a4000000-0000-0000-0000-000000000010', 'a3000000-0000-0000-0000-000000000001',  70,   875.00),
  ('a4000000-0000-0000-0000-000000000010', 'a3000000-0000-0000-0000-000000000003',  52,   936.00),
  ('a4000000-0000-0000-0000-000000000011', 'a3000000-0000-0000-0000-000000000008', 100, 22000.00),
  ('a4000000-0000-0000-0000-000000000011', 'a3000000-0000-0000-0000-000000000006', 150, 18000.00),
  ('a4000000-0000-0000-0000-000000000012', 'a3000000-0000-0000-0000-000000000005', 110, 20350.00),
  ('a4000000-0000-0000-0000-000000000012', 'a3000000-0000-0000-0000-000000000002', 215,  9675.00),
  ('a4000000-0000-0000-0000-000000000013', 'a3000000-0000-0000-0000-000000000001', 250,  3125.00),
  ('a4000000-0000-0000-0000-000000000013', 'a3000000-0000-0000-0000-000000000003', 280,  5040.00),
  ('a4000000-0000-0000-0000-000000000014', 'a3000000-0000-0000-0000-000000000008', 159, 34980.00),
  ('a4000000-0000-0000-0000-000000000015', 'a3000000-0000-0000-0000-000000000006', 150, 18000.00),
  ('a4000000-0000-0000-0000-000000000015', 'a3000000-0000-0000-0000-000000000005',  76, 14060.00),
  ('a4000000-0000-0000-0000-000000000016', 'a3000000-0000-0000-0000-000000000009',  60,  2280.00),
  ('a4000000-0000-0000-0000-000000000016', 'a3000000-0000-0000-0000-000000000010', 160,  1920.00),
  ('a4000000-0000-0000-0000-000000000017', 'a3000000-0000-0000-0000-000000000012', 100, 14500.00),
  ('a4000000-0000-0000-0000-000000000017', 'a3000000-0000-0000-0000-000000000011', 210, 11340.00),
  ('a4000000-0000-0000-0000-000000000018', 'a3000000-0000-0000-0000-000000000011',  60,  3240.00),
  ('a4000000-0000-0000-0000-000000000018', 'a3000000-0000-0000-0000-000000000014', 125,  2250.00),
  ('a4000000-0000-0000-0000-000000000019', 'a3000000-0000-0000-0000-000000000009', 200,  7600.00),
  ('a4000000-0000-0000-0000-000000000019', 'a3000000-0000-0000-0000-000000000013', 200,   900.00),
  ('a4000000-0000-0000-0000-000000000020', 'a3000000-0000-0000-0000-000000000015', 100, 21000.00),
  ('a4000000-0000-0000-0000-000000000020', 'a3000000-0000-0000-0000-000000000012', 110, 15950.00),
  ('a4000000-0000-0000-0000-000000000021', 'a3000000-0000-0000-0000-000000000014',  50,   900.00),
  ('a4000000-0000-0000-0000-000000000021', 'a3000000-0000-0000-0000-000000000016',  85,   680.00),
  ('a4000000-0000-0000-0000-000000000022', 'a3000000-0000-0000-0000-000000000012', 160, 23200.00),
  ('a4000000-0000-0000-0000-000000000022', 'a3000000-0000-0000-0000-000000000009', 180,  6840.00),
  ('a4000000-0000-0000-0000-000000000023', 'a3000000-0000-0000-0000-000000000009', 100,  3800.00),
  ('a4000000-0000-0000-0000-000000000023', 'a3000000-0000-0000-0000-000000000010', 200,  2400.00),
  ('a4000000-0000-0000-0000-000000000024', 'a3000000-0000-0000-0000-000000000015', 100, 21000.00),
  ('a4000000-0000-0000-0000-000000000024', 'a3000000-0000-0000-0000-000000000011', 222, 11988.00),
  ('a4000000-0000-0000-0000-000000000025', 'a3000000-0000-0000-0000-000000000012', 150, 21750.00),
  ('a4000000-0000-0000-0000-000000000025', 'a3000000-0000-0000-0000-000000000014', 125,  2250.00),
  ('a4000000-0000-0000-0000-000000000026', 'a3000000-0000-0000-0000-000000000016',  75,   600.00),
  ('a4000000-0000-0000-0000-000000000026', 'a3000000-0000-0000-0000-000000000013', 111,   500.00),
  ('a4000000-0000-0000-0000-000000000027', 'a3000000-0000-0000-0000-000000000009', 100,  3800.00),
  ('a4000000-0000-0000-0000-000000000027', 'a3000000-0000-0000-0000-000000000010', 200,  2400.00),
  ('a4000000-0000-0000-0000-000000000028', 'a3000000-0000-0000-0000-000000000012', 145, 21025.00),
  ('a4000000-0000-0000-0000-000000000029', 'a3000000-0000-0000-0000-000000000011',  60,  3240.00),
  ('a4000000-0000-0000-0000-000000000029', 'a3000000-0000-0000-0000-000000000010', 150,  1800.00),
  ('a4000000-0000-0000-0000-000000000030', 'a3000000-0000-0000-0000-000000000015', 119, 24990.00);

  -- ============================================================
-- Rate Packages, Rates & Contracts Seed Data
-- ============================================================
-- Carriers:
--   b1000000-...-001  TrueFlow Logistics (Kansas City, MO)
--   b1000000-...-002  ZenPulse Freight   (Dallas, TX)
--
-- Companies:
--   c1000000-...-001  PurePath Inc.  (Omaha, NE)
--   c1000000-...-002  Nexora         (Orlando, FL)
--
-- Packages:
--   TrueFlow  ->  Standard 2026, Preferred 2026
--   ZenPulse  ->  Standard 2026, Preferred 2026
--
-- Contracts:
--   PurePath  ->  Preferred from both carriers (high volume)
--   Nexora    ->  Standard from both carriers
--   One expired contract each for historical data
-- ============================================================


-- ------------------------------------------------------------
-- RATE PACKAGES
-- ------------------------------------------------------------
INSERT INTO rate_packages (id, carrier_id, name) VALUES

  -- TrueFlow Logistics
  ('aa000000-0000-0000-0000-000000000001', 'b1000000-0000-0000-0000-000000000001', 'Standard 2026'),
  ('aa000000-0000-0000-0000-000000000002', 'b1000000-0000-0000-0000-000000000001', 'Preferred 2026'),

  -- ZenPulse Freight
  ('aa000000-0000-0000-0000-000000000003', 'b1000000-0000-0000-0000-000000000002', 'Standard 2026'),
  ('aa000000-0000-0000-0000-000000000004', 'b1000000-0000-0000-0000-000000000002', 'Preferred 2026');


-- ------------------------------------------------------------
-- RATES (distance bands per package)
-- TrueFlow cheaper on short hauls
-- ZenPulse cheaper on long hauls
-- Preferred packages have lower per_mile_rate and fuel surcharge
-- ------------------------------------------------------------
INSERT INTO rates (id, package_id, min_distance, max_distance, flat_rate, per_mile_rate, fuel_surcharge_percentage) VALUES

  -- TrueFlow Standard 2026
  ('bb000000-0000-0000-0000-000000000001', 'aa000000-0000-0000-0000-000000000001',    0.00,  499.99, 150.00, 2.95, 19.00),
  ('bb000000-0000-0000-0000-000000000002', 'aa000000-0000-0000-0000-000000000001',  500.00,  749.99, 175.00, 2.65, 18.25),
  ('bb000000-0000-0000-0000-000000000003', 'aa000000-0000-0000-0000-000000000001',  750.00, 1199.99, 200.00, 2.35, 17.50),
  ('bb000000-0000-0000-0000-000000000004', 'aa000000-0000-0000-0000-000000000001', 1200.00,    NULL, 225.00, 2.05, 17.00),

  -- TrueFlow Preferred 2026
  ('bb000000-0000-0000-0000-000000000005', 'aa000000-0000-0000-0000-000000000002',    0.00,  499.99, 150.00, 2.75, 17.50),
  ('bb000000-0000-0000-0000-000000000006', 'aa000000-0000-0000-0000-000000000002',  500.00,  749.99, 175.00, 2.45, 16.75),
  ('bb000000-0000-0000-0000-000000000007', 'aa000000-0000-0000-0000-000000000002',  750.00, 1199.99, 200.00, 2.15, 16.25),
  ('bb000000-0000-0000-0000-000000000008', 'aa000000-0000-0000-0000-000000000002', 1200.00,    NULL, 225.00, 1.90, 15.75),

  -- ZenPulse Standard 2026
  ('bb000000-0000-0000-0000-000000000009', 'aa000000-0000-0000-0000-000000000003',    0.00,  499.99, 175.00, 3.05, 19.50),
  ('bb000000-0000-0000-0000-000000000010', 'aa000000-0000-0000-0000-000000000003',  500.00,  749.99, 185.00, 2.70, 18.75),
  ('bb000000-0000-0000-0000-000000000011', 'aa000000-0000-0000-0000-000000000003',  750.00, 1199.99, 190.00, 2.30, 18.00),
  ('bb000000-0000-0000-0000-000000000012', 'aa000000-0000-0000-0000-000000000003', 1200.00,    NULL, 200.00, 1.95, 17.25),

  -- ZenPulse Preferred 2026
  ('bb000000-0000-0000-0000-000000000013', 'aa000000-0000-0000-0000-000000000004',    0.00,  499.99, 175.00, 2.85, 18.00),
  ('bb000000-0000-0000-0000-000000000014', 'aa000000-0000-0000-0000-000000000004',  500.00,  749.99, 185.00, 2.50, 17.25),
  ('bb000000-0000-0000-0000-000000000015', 'aa000000-0000-0000-0000-000000000004',  750.00, 1199.99, 190.00, 2.10, 16.75),
  ('bb000000-0000-0000-0000-000000000016', 'aa000000-0000-0000-0000-000000000004', 1200.00,    NULL, 200.00, 1.75, 16.00);
  
-- ------------------------------------------------------------
-- CONTRACTS
-- ------------------------------------------------------------
INSERT INTO contracts (id, company_id, carrier_id, package_id, start_date, end_date, contract_status) VALUES

  -- PurePath x TrueFlow Preferred (active)
  ('cc000000-0000-0000-0000-000000000001', 'c1000000-0000-0000-0000-000000000001', 'b1000000-0000-0000-0000-000000000001', 'aa000000-0000-0000-0000-000000000002', '2026-01-01', '2026-12-31', 'active'),

  -- PurePath x TrueFlow Standard (expired - prior year)
  ('cc000000-0000-0000-0000-000000000002', 'c1000000-0000-0000-0000-000000000001', 'b1000000-0000-0000-0000-000000000001', 'aa000000-0000-0000-0000-000000000001', '2025-01-01', '2025-12-31', 'expired'),

  -- PurePath x ZenPulse Preferred (active)
  ('cc000000-0000-0000-0000-000000000003', 'c1000000-0000-0000-0000-000000000001', 'b1000000-0000-0000-0000-000000000002', 'aa000000-0000-0000-0000-000000000004', '2026-01-01', '2026-12-31', 'active'),

  -- Nexora x TrueFlow Standard (active)
  ('cc000000-0000-0000-0000-000000000004', 'c1000000-0000-0000-0000-000000000002', 'b1000000-0000-0000-0000-000000000001', 'aa000000-0000-0000-0000-000000000001', '2026-01-01', '2026-12-31', 'active'),

  -- Nexora x ZenPulse Standard (active)
  ('cc000000-0000-0000-0000-000000000005', 'c1000000-0000-0000-0000-000000000002', 'b1000000-0000-0000-0000-000000000002', 'aa000000-0000-0000-0000-000000000003', '2026-02-01', '2027-01-31', 'active'),

  -- Nexora x ZenPulse Standard (expired - prior year)
  ('cc000000-0000-0000-0000-000000000006', 'c1000000-0000-0000-0000-000000000002', 'b1000000-0000-0000-0000-000000000002', 'aa000000-0000-0000-0000-000000000003', '2025-02-01', '2026-01-31', 'expired');